{
  "id" : 108,
  "guid" : "d0779dc6-8c84-49b1-8470-628be8fc75b0",
  "name" : "InfoBlox Create Delete A Record",
  "type" : "COMMAND",
  "change_description" : null,
  "fulfillment_rule" : null,
  "add_owner_as_admin" : false,
  "auto_deploy" : false,
  "users" : [ ],
  "organizations" : [ ],
  "target_type" : "VIRTUAL_MACHINE",
  "info_messages" : [ ],
  "prompt_message" : null,
  "system_version" : "7.0.2 (1007020032)",
  "steps" : [ {
    "name" : "Create A Record",
    "type" : "SCRIPT",
    "condition" : null,
    "data" : {
      "failure_action" : "FAIL_STEP",
      "timeout" : 300,
      "command_line" : "powershell.exe c:\\Scripts\\infoblox\\infoblox_CreateArecord.ps1 -DnsName \"#{target.dnsName}\" -Address \"#{target.ipv4Addresses}\"",
      "capture_output" : true
    }
  }, {
    "name" : "Wait For 5 min",
    "type" : "WAIT",
    "condition" : null,
    "data" : {
      "failure_action" : "PROCEED_TO_NEXT_STEP",
      "wait_for_type" : "ELAPSED_TIME",
      "timeout" : 300
    }
  }, {
    "name" : "Remove A record",
    "type" : "SCRIPT",
    "condition" : null,
    "data" : {
      "failure_action" : "FAIL_STEP",
      "timeout" : 300,
      "command_line" : "powershell.exe c:\\Scripts\\InfoBlox\\InfoBlox_deleteArecord.ps1 -DnsName \"#{target.dnsName}\" -Address \"#{target.ipv4Addresses}\"",
      "capture_output" : true
    }
  } ]
}